,City ID,City,Country,Lat,Lng,Temperature,Humidity,Clouds,Wind Speed
0,3985710,Cabo San Lucas,MX,22.8909,-109.9124,77.32,38,0,4.61
1,1507679,Chulym,RU,55.0997,80.9572,12.94,94,100,11.34
2,2206939,Bluff,NZ,-46.6,168.3333,59.58,76,19,16.91
3,3652764,Puerto Ayora,EC,-0.7393,-90.3518,77.56,91,88,5.01
4,3369157,Cape Town,ZA,-33.9258,18.4232,74.3,67,6,13.0
5,2670781,Sundsvall,SE,62.3913,17.3063,13.96,92,0,4.61
6,6201424,Mataura,NZ,-46.1927,168.8643,58.32,80,100,5.17
7,1503037,Kodinsk,RU,58.6881,99.1844,-2.43,99,100,3.71
8,5380437,Pacific Grove,US,36.6177,-121.9166,48.87,89,100,11.99
9,3831208,Qaanaaq,GL,77.484,-69.3632,-8.88,50,76,5.17
10,5848280,Kapaa,US,22.0752,-159.319,76.64,77,0,5.75
11,4030556,Rikitea,PF,-23.1203,-134.9692,77.29,71,9,8.3
12,6355222,Yulara,AU,-25.2406,130.9889,81.66,44,3,5.46
13,3466704,Castro,BR,-24.7911,-50.0119,75.9,81,96,2.08
14,2155415,New Norfolk,AU,-42.7826,147.0587,58.5,92,18,1.9
15,1490256,Talnakh,RU,69.4865,88.3972,-35.12,86,3,4.34
16,3366880,Hermanus,ZA,-34.4187,19.2345,73.8,82,26,18.48
17,1507565,Dalmatovo,RU,56.26,62.9362,6.15,83,14,7.2
18,2338660,Yaan,NG,7.3833,8.5667,83.8,16,98,5.73
19,2522890,Tortolì,IT,39.9256,9.6572,54.27,76,100,13.29
20,3359638,Walvis Bay,NA,-22.9575,14.5053,72.55,68,89,0.0
21,2264557,Ponta do Sol,PT,32.6667,-17.1,60.82,59,14,7.78
22,2123814,Leningradskiy,RU,69.3833,178.4167,-33.79,98,20,5.53
23,1649150,Bengkulu,ID,-3.8004,102.2655,74.98,91,100,4.29
24,1270854,Govindgarh,IN,27.5,76.9833,42.48,50,0,3.85
25,1651810,Airai,TL,-8.9266,125.4092,60.33,90,100,1.34
26,2993874,Arrondissement de Millau,FR,44.0833,2.9167,39.02,99,100,7.05
27,3833367,Ushuaia,AR,-54.8,-68.3,53.22,44,88,10.16
28,1282256,Hithadhoo,MV,-0.6,73.0833,79.77,67,13,4.56
29,876177,Luau,AO,-10.7073,22.2247,62.98,98,100,2.66
30,3471451,Arraial do Cabo,BR,-22.9661,-42.0278,80.46,69,0,21.85
31,964432,Port Alfred,ZA,-33.5906,26.891,70.18,98,99,1.01
32,2315057,Kasangulu,CD,-4.5911,15.1708,69.75,93,91,2.26
33,1106677,Bambous Virieux,MU,-20.3428,57.7575,78.22,74,95,16.2
34,2015306,Tiksi,RU,71.6872,128.8694,-22.58,100,100,8.08
35,4034551,Faanui,PF,-16.4833,-151.75,79.27,63,92,13.44
36,1056899,Sambava,MG,-14.2667,50.1667,75.56,88,100,8.28
37,3372707,Ribeira Grande,PT,38.5167,-28.7,54.0,76,20,11.01
38,102527,Sakakah,SA,29.9697,40.2064,51.37,81,3,11.39
39,964420,Port Elizabeth,ZA,-33.918,25.5701,71.6,94,100,12.66
40,5882953,Aklavik,CA,68.2191,-135.0107,-13.36,99,100,2.1
41,2075265,Busselton,AU,-33.65,115.3333,51.35,71,10,8.43
42,3625710,Upata,VE,8.0086,-62.3989,85.19,51,96,2.04
43,3837702,San Fernando del Valle de Catamarca,AR,-28.4696,-65.7852,91.78,32,14,10.0
44,1819729,Hong Kong,HK,22.2855,114.1577,53.08,83,100,10.0
45,2074865,Carnarvon,AU,-24.8667,113.6333,71.4,67,0,24.54
46,3354071,Oranjemund,NA,-28.55,16.4333,65.41,92,94,6.08
47,1486321,Yar-Sale,RU,66.8333,70.8333,0.99,97,100,12.1
48,2138555,Poum,NC,-20.2333,164.0167,79.18,72,100,12.39
49,2122614,Okha,RU,53.5739,142.9478,-35.12,99,38,5.75
50,6620339,Karratha,AU,-20.7377,116.8463,81.68,76,58,11.14
51,2109528,Buala,SB,-8.145,159.5921,80.2,78,100,3.24
52,2126199,Cherskiy,RU,68.75,161.3,-39.15,96,100,3.85
53,546105,Nikolskoye,RU,59.7035,30.7861,37.09,85,100,11.32
54,3374083,Bathsheba,BB,13.2167,-59.5167,83.01,65,40,10.36
55,5855927,Hilo,US,19.7297,-155.09,79.54,69,0,8.01
56,3466165,Cidreira,BR,-30.1811,-50.2056,76.03,77,96,11.32
57,3982292,Tayoltita,MX,24.0833,-105.9333,74.14,18,0,6.91
58,2163355,Hobart,AU,-42.8794,147.3294,58.86,77,75,8.05
59,1811542,Fangshan,CN,39.6983,115.9925,26.13,32,95,2.1
60,2121385,Severo-Kuril'sk,RU,50.6789,156.125,15.26,65,50,7.36
61,5106841,Albany,US,42.6001,-73.9662,32.59,54,87,6.04
62,4946620,Palmer,US,42.1584,-72.3287,33.48,63,100,17.27
63,4035715,Avarua,CK,-21.2078,-159.775,78.85,78,6,3.44
64,3580279,Gouyave,GD,12.1646,-61.7296,81.37,74,20,0.0
65,209598,Manono,CD,-7.3,27.4167,69.62,91,100,2.93
66,5720495,Coos Bay,US,43.3665,-124.2179,47.21,90,0,3.44
67,6453316,Tromsø,NO,69.6496,18.957,28.42,80,75,11.5
68,1791247,Wuhan,CN,30.5833,114.2667,33.89,44,8,1.81
69,1503527,Khovu-Aksy,RU,51.1333,93.6,-2.2,87,100,6.64
70,5122534,Jamestown,US,42.097,-79.2353,45.36,29,0,0.0
71,6185377,Yellowknife,CA,62.456,-114.3525,-2.45,98,95,5.99
72,368246,Raja,SS,8.4596,25.678,74.03,26,21,5.01
73,5880054,Barrow,US,71.2906,-156.7887,-21.98,76,20,13.8
74,3874787,Punta Arenas,CL,-53.15,-70.9167,55.33,30,0,35.68
75,2126123,Chokurdakh,RU,70.6333,147.9167,-25.01,96,55,11.56
76,1015776,Bredasdorp,ZA,-34.5322,20.0403,70.57,87,99,17.45
77,6170031,Tuktoyaktuk,CA,69.4541,-133.0374,-9.83,98,100,7.45
78,3120514,Huesca,ES,42.1362,-0.4087,41.05,97,100,4.61
79,2643044,Margate,GB,51.3813,1.3862,34.99,75,80,7.0
80,1788852,Xining,CN,36.6167,101.7667,5.52,96,99,1.34
81,2070998,Geraldton,AU,-28.7667,114.6,61.21,77,0,11.5
82,3408368,Acaraú,BR,-2.8856,-40.12,79.97,74,100,11.83
83,2022773,Khandyga,RU,62.6667,135.6,-52.15,100,100,1.28
84,3354077,Opuwo,NA,-18.0607,13.84,72.99,66,100,9.53
85,1280037,Shache,CN,38.4167,77.2406,-4.88,96,12,2.39
86,513329,Ozinki,RU,51.1786,49.6769,14.97,93,20,11.9
87,935215,Saint-Philippe,RE,-21.3585,55.7679,78.39,81,19,11.05
88,1489853,Tazovsky,RU,67.4667,78.7,-26.27,98,16,6.33
89,3444924,Vitória,BR,-20.3194,-40.3378,80.85,76,40,16.11
90,3860443,Comodoro Rivadavia,AR,-45.8667,-67.5,65.84,45,100,11.68
91,162627,Yabrūd,SY,33.9674,36.6574,38.68,74,100,1.7
92,3981391,Tomatlán,MX,19.9333,-105.25,88.99,17,100,8.68
93,3421719,Narsaq,GL,60.9167,-46.05,5.22,70,4,10.38
94,1006984,East London,ZA,-33.0153,27.9116,75.25,91,69,7.02
95,1529484,Kumul,CN,42.8,93.45,12.74,41,0,0.96
96,3943957,Chilca,PE,-12.5211,-76.7372,72.55,76,13,7.92
97,2322794,Suleja,NG,9.1758,7.1808,77.99,16,100,4.38
98,2541479,Nador,MA,35.174,-2.9287,61.05,63,0,16.11
99,5975004,High Level,CA,58.5169,-117.136,15.91,100,100,8.05
100,4020109,Atuona,PF,-9.8,-139.0333,77.38,77,100,14.38
101,6113406,Prince Rupert,CA,54.3161,-130.3201,41.07,93,100,12.66
102,3761194,Miraflores,MX,19.2167,-98.8083,72.16,20,20,4.03
103,2134814,Sola,VU,-13.8833,167.55,75.87,100,100,0.0
104,2521582,Arona,ES,28.0996,-16.681,59.52,66,20,17.27
105,337405,Gambēla,ET,8.25,34.5833,79.48,42,37,3.06
106,371745,Kutum,SD,14.2,24.6667,61.34,23,76,10.96
107,1214658,Lhokseumawe,ID,5.1801,97.1507,76.33,84,100,5.26
108,2112802,Hasaki,JP,35.7333,140.8333,32.4,55,67,13.2
109,7341918,Moba,CN,33.2288,105.0179,19.31,30,100,3.8
110,986717,Kruisfontein,ZA,-34.0033,24.7314,71.89,91,100,12.41
111,110690,Faya,SA,18.3851,42.4509,55.92,73,38,5.23
112,2630299,Hofn,IS,64.2539,-15.2082,29.95,59,100,22.24
113,3380290,Sinnamary,GF,5.3833,-52.95,77.65,84,47,9.46
114,3443061,Chui,UY,-33.6971,-53.4616,79.65,48,0,13.42
115,338345,Edd,ER,13.9297,41.6925,80.8,53,3,16.73
116,1526038,Atbasar,KZ,51.8,68.3333,-1.75,81,26,4.92
117,1523662,Kachīry,KZ,53.0675,76.1036,13.46,93,87,11.79
118,1254046,Tura,IN,25.5198,90.2201,51.49,51,0,2.33
119,3421765,Nanortalik,GL,60.1432,-45.2371,9.46,59,5,20.38
120,608270,Shubarshi,KZ,48.5872,57.1869,9.16,74,36,8.41
121,1631637,Pemangkat,ID,1.1667,108.9667,75.88,86,34,7.65
122,2035980,Longfeng,CN,46.55,125.1167,-5.58,80,31,6.71
123,3105522,Bereda,ES,43.2686,-7.5406,51.15,100,100,14.54
124,2015913,Suntar,RU,62.1444,117.6319,-36.26,97,100,5.14
125,5282297,Bethel,US,41.3712,-73.414,38.43,53,0,16.11
126,1623197,Tual,ID,-5.6667,132.75,83.03,72,100,6.15
127,3421193,Paamiut,GL,61.994,-49.6678,3.97,85,100,13.87
128,732285,Devin,BG,41.7433,24.4,39.54,94,100,7.47
129,2110227,Butaritari,KI,3.0707,172.7902,80.87,78,17,16.06
130,1500764,Lebyazh'ye,RU,55.2689,66.4947,9.95,85,98,9.37
131,2065594,Mount Isa,AU,-20.7333,139.5,74.97,83,75,5.75
132,524299,Murmashi,RU,68.8154,32.8115,32.41,100,75,13.42
133,2173125,Burnie,AU,-41.0667,145.9167,62.94,74,100,13.62
134,3540618,San Diego de Los Baños,CU,22.6467,-83.3697,76.19,36,0,5.48
135,4032243,Vaini,TO,-21.2,-175.2,80.58,76,32,8.08
136,2312895,Mbandaka,CD,0.0487,18.2603,74.25,81,100,3.87
137,5197850,Lewistown,US,40.5992,-77.5714,49.23,61,0,4.61
138,1526384,Boralday,KZ,43.3578,76.8594,-0.54,85,4,4.47
139,1028918,Pemba,MZ,-12.974,40.5178,77.7,94,40,5.75
140,915471,Kalabo,ZM,-14.97,22.6814,67.59,94,100,4.74
141,934322,Mahébourg,MU,-20.4081,57.7,79.09,78,40,11.5
142,3393536,Olinda,BR,-8.0089,-34.8553,82.13,69,40,6.91
143,1181439,Charsadda,PK,34.1435,71.7317,43.41,25,0,4.54
144,5866583,Saint Paul Harbor,US,57.79,-152.4072,33.31,100,100,9.22
145,1855612,Nara,JP,34.6851,135.8049,34.38,66,17,2.01
146,3418910,Upernavik,GL,72.7868,-56.1549,-2.02,95,100,5.46
147,3355672,Lüderitz,NA,-26.6481,15.1594,65.44,88,92,6.67
148,2501152,Constantine,DZ,36.365,6.6147,51.21,62,40,12.66
149,2511930,Requena,ES,39.4883,-1.1004,50.79,79,100,40.13
150,1863997,Fukuechō,JP,32.6881,128.8419,47.03,61,51,12.82
151,5864145,Homer,US,59.6425,-151.5483,32.07,85,75,4.61
152,5563839,Fortuna,US,40.5982,-124.1573,49.69,90,75,1.99
153,1498205,Muromtsevo,RU,56.3724,75.2418,13.14,95,100,9.26
154,1082243,Ambilobe,MG,-13.2,49.05,72.84,94,100,2.89
155,1855342,Nishihara,JP,26.1842,127.7558,60.08,72,100,14.97
156,4033557,Tautira,PF,-17.7333,-149.15,78.31,70,99,2.04
157,933995,Souillac,MU,-20.5167,57.5167,79.18,78,40,11.5
158,4031574,Provideniya,RU,64.3833,-173.3,6.91,61,75,20.13
159,5924351,Clyde River,CA,70.4692,-68.5914,-5.57,84,100,17.27
160,524100,Muyezerskiy,RU,63.9333,31.65,32.49,96,98,16.82
161,1517060,Zaysan,KZ,47.4667,84.8667,-6.41,94,69,1.74
162,2171766,Charlestown,AU,-32.95,151.6667,68.68,93,64,1.01
163,5546220,Saint George,US,37.1041,-113.5841,46.31,80,100,10.36
164,3893629,Coquimbo,CL,-29.9533,-71.3436,69.53,64,20,13.8
165,3985797,San Julián,MX,21.0167,-102.1667,72.03,11,100,11.92
166,1244926,Hambantota,LK,6.1241,81.1185,75.09,88,95,11.92
167,108410,Riyadh,SA,24.6877,46.7219,60.94,69,39,12.26
168,1502073,Krasnosel'kup,RU,65.7,82.4667,-24.66,97,17,8.16
169,2122090,Pevek,RU,69.7008,170.3133,-28.82,99,82,1.41
170,1735634,Kuching,MY,1.55,110.3333,76.69,87,20,3.0
171,553766,Kamenka,RU,51.3223,42.7678,22.03,94,99,13.67
172,3347353,Menongue,AO,-14.6585,17.691,65.05,93,100,4.05
173,712339,Bereznehuvate,UA,47.3078,32.8499,38.26,89,100,13.51
174,2136825,Isangel,VU,-19.55,169.2667,77.94,70,67,9.06
175,2377457,Nouadhibou,MR,20.931,-17.0347,70.72,52,100,11.81
176,2018735,Nyurba,RU,63.2842,118.3319,-33.68,98,100,3.53
177,2096742,Goroka,PG,-6.0834,145.3873,60.19,94,100,0.43
178,690960,Turka,UA,49.1541,23.0297,31.8,88,94,9.1
179,2071860,Esperance,AU,-33.8667,121.9,60.82,58,30,14.43
180,3372472,Vila Franca do Campo,PT,37.7167,-25.4333,55.81,83,13,7.67
181,2027042,Batagay-Alyta,RU,67.8006,130.4114,-28.01,98,100,2.53
182,1512101,Agirish,RU,61.9247,63.0231,17.42,87,100,9.62
183,1735106,George Town,MY,5.4112,100.3354,78.73,69,20,3.44
184,1812728,Dingzhou,CN,38.5131,114.9956,23.11,53,100,3.2
185,2017155,Saskylakh,RU,71.9167,114.0833,-32.35,100,70,6.53
186,5742974,North Bend,US,43.4065,-124.2243,47.05,92,0,3.44
187,2120591,Tilichiki,RU,60.4667,166.1,-20.0,95,67,8.79
188,1507390,Dikson,RU,73.5069,80.5464,-34.33,87,5,6.4
189,2180815,Tuatapere,NZ,-46.1333,167.6833,59.81,76,38,6.29
190,128234,Kerman,IR,30.2832,57.0788,39.06,75,0,0.0
191,5354943,Half Moon Bay,US,37.4636,-122.4286,51.85,79,75,20.71
192,1649593,Baturaja,ID,-4.1333,104.1667,73.27,99,100,1.32
193,215668,Kabalo,CD,-6.05,26.9167,69.84,93,99,2.55
194,866062,Iskateley,RU,67.6803,53.1512,23.11,93,100,18.19
195,2255304,Sémbé,CG,1.6481,14.5806,80.91,39,100,0.96
196,5110365,Broome,US,42.2506,-75.833,35.37,57,0,11.5
197,4983905,Albion,US,42.2431,-84.753,36.39,79,100,10.36
198,4938048,Grafton,US,42.207,-71.6856,30.96,73,100,17.27
199,3393471,Oriximiná,BR,-1.7656,-55.8661,83.53,63,92,0.83
200,2032614,Baruun-Urt,MN,46.6806,113.2792,-11.61,90,7,6.46
201,2332453,Lagos,NG,6.5833,3.75,82.72,79,39,4.56
202,2208248,Kaitangata,NZ,-46.2817,169.8464,59.56,76,96,5.84
203,491019,Sol'-Iletsk,RU,51.1631,54.9918,-0.67,80,19,6.4
204,2121025,Srednekolymsk,RU,67.45,153.6833,-46.62,99,92,5.35
205,58933,Garoowe,SO,8.4054,48.4845,72.03,60,0,14.43
206,934479,Grand Gaube,MU,-20.0064,57.6608,78.39,71,34,7.0
207,2686469,Örnsköldsvik,SE,63.2909,18.7153,16.75,100,91,5.75
208,3883457,Lebu,CL,-37.6167,-73.65,61.52,69,7,14.47
209,1254709,Tezu,IN,27.9167,96.1667,54.73,65,37,3.89
210,3423146,Ilulissat,GL,69.2167,-51.1,-3.98,59,40,19.57
211,2120047,Ust'-Omchug,RU,61.15,149.6333,-28.48,98,100,5.01
212,3567834,Baracoa,CU,20.3467,-74.4958,74.28,51,0,6.4
213,6144195,Senneterre,CA,48.3835,-77.2328,30.52,83,79,2.91
214,1072849,Ankazobe,MG,-18.3167,47.1167,62.56,92,9,6.51
215,3374210,São Filipe,CV,14.8961,-24.4956,75.81,65,100,4.72
216,2304548,Anloga,GH,5.7947,0.8973,81.52,79,11,8.97
217,5983720,Iqaluit,CA,63.7506,-68.5145,-30.86,90,45,5.73
218,1633419,Padang,ID,-0.9492,100.3543,75.58,86,97,4.16
219,1273618,Daman,IN,20.4167,72.85,66.69,45,0,8.12
220,3839307,Rawson,AR,-43.3002,-65.1023,70.32,45,46,18.84
221,6165406,Thompson,CA,55.7435,-97.8558,8.76,85,100,5.75
222,3424607,Tasiilaq,GL,65.6145,-37.6368,19.56,71,100,9.51
223,2618795,Klaksvík,FO,62.2266,-6.589,27.52,66,100,22.1
224,1636426,Manggar,ID,-2.8833,108.2667,78.06,87,100,9.42
225,654899,Kajaani,FI,64.2273,27.7285,33.85,93,75,12.66
226,5225507,Warwick,US,41.7001,-71.4162,33.73,79,100,14.97
227,2186111,Ngunguru,NZ,-35.6167,174.5,65.25,75,17,15.35
228,449504,Eslāmshahr,IR,35.5605,51.2346,34.74,64,0,9.22
229,2090021,Namatanai,PG,-3.6667,152.4333,78.44,81,100,3.53
230,3899695,Ancud,CL,-41.8697,-73.8203,61.61,64,9,6.82
231,2374583,Bubaque,GW,11.2833,-15.8333,77.86,71,40,14.63
232,60019,Eyl,SO,7.9803,49.8164,75.09,72,4,18.45
233,2126710,Beringovskiy,RU,63.05,179.3167,-5.57,95,100,17.47
234,4033356,Tiarei,PF,-17.5333,-149.3333,84.22,71,87,1.48
235,1806687,Yong’an,CN,39.6957,113.6871,8.42,79,17,9.57
236,4771075,Lynchburg,US,37.4138,-79.1423,56.28,20,0,4.61
237,2738381,Lata,PT,40.1629,-8.3327,53.38,93,99,15.26
238,2037078,Hailar,CN,49.2,119.7,-9.04,96,97,10.69
239,2017215,Sangar,RU,63.9242,127.4739,-44.39,94,100,1.61
240,2729907,Longyearbyen,SJ,78.2186,15.6401,17.44,62,20,24.16
241,6167817,Torbay,CA,47.6666,-52.7314,35.28,97,100,6.91
242,3420846,Qaqortoq,GL,60.7167,-46.0333,-7.92,73,6,10.18
243,286621,Salalah,OM,17.0151,54.0924,75.29,73,75,3.44
244,765191,Marki,PL,52.3206,21.1047,39.4,90,75,11.5
245,2206808,Wairoa,NZ,-39.0333,177.3667,67.55,64,9,1.99
246,5870133,Nome,US,64.5011,-165.4064,19.47,73,40,20.71
247,1705441,Lubao,PH,14.9167,120.55,76.71,80,100,6.11
248,2171722,Charters Towers,AU,-20.1,146.2667,72.37,96,100,7.23
249,186180,Moyale,KE,3.5167,39.0584,72.18,34,9,12.28
250,2037485,Erenhot,CN,43.6475,111.9767,5.38,90,42,6.64
251,2088122,Port Moresby,PG,-9.4431,147.1797,71.02,94,20,11.5
252,3670218,San Andrés,CO,12.5847,-81.7006,82.42,61,20,12.66
253,1513491,Yangi Marg`ilon,UZ,40.4272,71.7189,14.72,79,3,4.61
254,2063042,Port Hedland,AU,-20.3167,118.5667,82.45,83,100,0.0
255,4535961,Enid,US,36.3956,-97.8784,60.19,43,0,9.22
256,5847411,Kahului,US,20.8947,-156.47,76.44,75,40,4.0
257,3652758,Puerto Baquerizo Moreno,EC,-0.9,-89.6,83.39,70,40,17.27
258,962367,Richards Bay,ZA,-28.783,32.0377,73.71,85,49,8.28
259,133595,Gerāsh,IR,27.6652,54.1371,55.54,76,71,2.35
260,2745087,Gemeente Wageningen,NL,51.9667,5.6667,38.23,94,100,13.8
261,294071,Netanya,IL,32.3329,34.8599,55.53,66,61,3.67
262,3855065,General Roca,AR,-39.0333,-67.5833,91.62,17,59,23.8
263,3932145,Pisco,PE,-13.7,-76.2167,75.25,78,0,8.05
264,2214846,Misratah,LY,32.3754,15.0925,61.95,40,0,7.7
265,3530617,Cintalapa,MX,16.6951,-93.7272,82.96,35,77,12.75
266,1495101,Petropavlovskoye,RU,52.0712,84.107,19.2,80,100,23.49
267,1648082,Boyolangu,ID,-8.1181,111.8935,74.79,91,99,0.49
268,2022572,Khatanga,RU,71.9667,102.5,-40.32,97,23,9.08
269,2136697,Lakatoro,VU,-16.0999,167.4164,80.29,80,95,2.24
270,1516048,Khovd,MN,48.0056,91.6419,-1.28,78,98,1.68
271,704422,Krasnoarmiys'k,UA,48.282,37.1758,29.23,89,98,9.37
272,1513087,Nurota,UZ,40.5614,65.6886,15.57,64,1,4.97
273,1625929,Sungai Penuh,ID,-2.0833,101.3833,63.23,96,100,1.9
274,3839982,Punta Alta,AR,-38.8759,-62.0736,91.54,29,1,18.14
275,3894426,Coyhaique,CL,-45.5752,-72.0662,71.55,37,0,5.75
276,1862505,Hirara,JP,24.8,125.2833,63.61,72,99,19.04
277,2381334,Atar,MR,20.5169,-13.0499,74.23,13,100,11.1
278,3379507,Bartica,GY,6.4,-58.6167,77.32,79,49,5.14
279,3945985,Camaná,PE,-16.6228,-72.7111,74.75,70,45,7.14
280,2026160,Borogontsy,RU,62.6683,131.1683,-47.06,99,100,1.16
281,1699805,Mexico,PH,15.0646,120.7198,76.71,82,100,3.49
282,104515,Makkah al Mukarramah,SA,21.4267,39.8261,67.62,80,100,8.9
283,2012956,Yerbogachën,RU,61.2767,108.0108,-60.63,100,69,2.64
284,3419842,Sisimiut,GL,66.9395,-53.6735,-4.86,92,100,17.31
285,745527,Horasan,TR,40.0458,42.1728,28.94,77,100,2.17
286,3388266,São Miguel do Tapuio,BR,-5.5036,-41.3233,71.19,96,100,1.59
287,4734350,Stephenville,US,32.2207,-98.2023,72.64,30,0,12.66
288,1630723,Poso,ID,-1.3959,120.7524,76.96,80,92,3.31
289,3430863,Mar del Plata,AR,-38.0023,-57.5575,71.47,81,1,5.99
290,2112309,Katsuura,JP,35.1333,140.3,43.5,64,94,10.83
291,3398255,Independência,BR,-5.3964,-40.3086,74.39,76,100,3.6
292,2276492,Harper,LR,4.375,-7.7169,80.26,78,24,7.92
293,1280849,Kashgar,CN,39.4547,75.9797,2.41,71,6,8.95
294,1855540,Naze,JP,28.3667,129.4833,54.54,65,90,12.17
295,3697441,El Alto,PE,-4.2714,-81.2147,78.46,62,29,15.77
296,260895,Karpathos,GR,35.507,27.2132,55.36,76,0,1.14
297,2255285,Sibiti,CG,-3.6819,13.3499,70.27,96,93,1.66
298,2281120,Tabou,CI,4.423,-7.3528,80.22,79,16,6.98
299,3983312,Saucillo,MX,28.0167,-105.2833,72.86,16,100,18.92
300,3893726,Constitución,CL,-35.3333,-72.4167,65.91,63,50,8.46
301,2396518,Port-Gentil,GA,-0.7193,8.7815,82.36,78,75,6.91
302,3382867,Totness,SR,5.8833,-56.3167,78.76,79,18,11.18
303,566027,Dmitriyevka,RU,54.75,55.3333,-5.53,84,3,5.41
304,3466980,Caravelas,BR,-17.7125,-39.2481,79.93,72,84,7.74
305,2132606,Samarai,PG,-10.6167,150.6667,77.85,83,100,6.26
306,3458121,Malacacheta,BR,-17.8422,-42.0767,74.21,77,72,4.72
307,2181625,Te Anau,NZ,-45.4167,167.7167,60.91,71,10,2.35
308,6112530,Powassan,CA,46.0334,-79.3496,32.0,63,76,2.33
309,3571592,Rock Sound,BS,24.9,-76.2,68.38,55,4,6.15
310,1214965,Kabanjahe,ID,3.1001,98.4908,61.25,97,100,1.16
311,653272,Kemijärvi,FI,66.7131,27.4306,33.17,98,100,9.86
312,3361934,Saldanha,ZA,-33.0117,17.9442,71.65,94,17,7.81
313,211647,Lodja,CD,-3.4833,23.4333,69.69,98,73,2.3
314,4696788,Hays,US,30.0502,-98.0336,74.01,56,56,3.85
315,932960,Werda,BW,-25.2667,23.2833,81.93,27,0,9.4
316,2139521,Noumea,NC,-22.2763,166.4572,80.01,99,99,8.23
317,2399697,Libreville,GA,0.3925,9.4537,80.33,79,97,6.42
318,286987,Nizwá,OM,22.9333,57.5333,65.39,51,91,4.07
319,2068110,Kununurra,AU,-15.7667,128.7333,75.18,100,100,2.3
320,5367788,Lompoc,US,34.6391,-120.4579,54.72,85,40,13.8
321,3628473,San Cristobal,VE,7.7669,-72.225,71.78,49,82,1.36
322,1726449,Basco,PH,20.4487,121.9702,72.12,77,100,28.54
323,4031637,Lavrentiya,RU,65.5833,-171.0,-11.24,86,100,14.14
324,3899539,Antofagasta,CL,-23.65,-70.4,72.68,66,5,8.88
325,2145214,Victoria Point,AU,-27.5833,153.3,72.55,82,83,5.01
326,3696267,Huicungo,PE,-7.2833,-76.8,90.72,42,32,3.83
327,3693345,Pucallpa,PE,-8.3791,-74.5539,80.64,78,75,0.0
328,4031742,Egvekinot,RU,66.3167,-179.1667,-19.08,83,94,19.91
329,2331939,Lokoja,NG,7.8024,6.743,83.23,18,67,1.28
330,5006233,Port Huron,US,42.9709,-82.4249,38.88,60,75,12.66
331,671182,Peciu Nou,RO,45.6064,21.0578,45.07,75,100,21.65
332,636947,Siilinjärvi,FI,63.0833,27.6667,33.82,86,75,14.97
333,2610343,Vestmanna,FO,62.1564,-7.1664,25.72,86,20,1.14
334,2012530,Zhigansk,RU,66.7697,123.3711,-53.43,98,96,4.07
335,3662927,Pauini,BR,-7.7136,-66.9764,72.63,98,100,2.51
336,6255012,Flinders,AU,-34.5833,150.8552,67.17,88,96,4.0
337,3662574,Rio Branco,BR,-9.9747,-67.81,75.81,94,75,10.36
338,3445026,Vila Velha,BR,-20.3297,-40.2925,80.94,78,40,16.11
339,240210,Birao,CF,10.2849,22.7882,72.41,24,22,6.35
340,1259385,Port Blair,IN,11.6667,92.75,69.84,88,98,0.0
341,5905393,Bonavista,CA,48.6499,-53.1147,34.07,98,100,24.0
342,904422,Mumbwa,ZM,-14.9783,27.0619,64.36,98,100,3.51
343,124291,Mehrān,IR,33.1222,46.1646,54.86,73,0,1.43
344,3892454,Diego de Almagro,CL,-26.3667,-70.05,80.69,18,0,16.31
345,2358382,Léo,BF,11.1,-2.1,75.87,17,19,8.32
346,5964230,Grand Bank,CA,47.0999,-55.765,41.0,98,100,23.51
347,3453546,Pirapora,BR,-17.345,-44.9419,81.19,61,46,5.91
348,1622318,Waingapu,ID,-9.6567,120.2641,79.0,84,100,5.77
349,6089179,Normandin,CA,48.8333,-72.5321,14.13,52,4,3.44
350,2209055,Waddān,LY,29.1614,16.139,57.18,40,0,6.38
351,112656,Tonekābon,IR,36.8163,50.8738,42.75,75,99,3.36
352,556268,Ostrovnoy,RU,68.0531,39.5131,32.34,87,100,20.54
353,3416888,Grindavik,IS,63.8424,-22.4338,27.07,74,20,21.85
354,115781,Shahr-e Bābak,IR,30.1165,55.1186,46.4,69,100,4.59
355,2961459,Skibbereen,IE,51.55,-9.2667,36.1,96,100,7.74
356,2122262,Palana,RU,59.1167,159.9667,8.42,91,100,8.61
357,3870282,Talcahuano,CL,-36.7167,-73.1167,69.48,52,0,16.11
358,3448903,São João da Barra,BR,-21.6403,-41.0511,82.49,86,6,15.59
359,3381428,Iracoubo,GF,5.4802,-53.2011,77.83,83,47,9.51
360,8010683,Porto Santo,PT,33.072,-16.3415,61.18,67,75,11.5
361,1226260,Trincomalee,LK,8.5711,81.2335,77.65,80,51,13.18
362,2172797,Cairns,AU,-16.9167,145.7667,78.49,92,75,2.3
363,2236967,Soyo,AO,-6.1349,12.3689,78.94,82,99,6.06
364,3663503,Manicoré,BR,-5.8092,-61.3003,73.35,100,40,13.8
365,1489661,Tevriz,RU,57.509,72.4042,12.02,95,81,7.16
366,1264527,Chennai,IN,13.0878,80.2785,73.38,83,20,2.3
367,1242110,Kalmunai,LK,7.4167,81.8167,75.38,89,59,7.27
368,3347019,Mossamedes,AO,-15.1961,12.1522,74.19,78,96,5.03
369,8079926,Labuhan,ID,-6.8844,112.2051,76.51,91,100,6.17
370,1106643,Quatre Cocos,MU,-20.2078,57.7625,78.1,75,77,16.51
371,1283217,Khanbari,NP,27.3747,87.2039,47.28,69,44,2.64
372,5520677,Eagle Pass,US,28.7091,-100.4995,75.92,46,20,6.91
373,2094027,Kieta,PG,-6.2167,155.6333,79.43,83,99,2.44
374,1488903,Turukhansk,RU,65.8167,87.9833,-25.35,86,87,7.11
375,258175,Lixouri,GR,38.2019,20.4314,58.1,80,8,18.61
376,525426,Sobolevo,RU,54.4299,31.8996,29.19,97,100,9.01
377,764917,Miechów,PL,50.3565,20.0279,37.62,92,100,8.41
378,1817993,Anking,CN,30.5092,117.0506,32.23,45,11,3.42
379,1732826,Mersing,MY,2.4312,103.8405,77.11,77,23,11.68
380,1489828,Teeli,RU,51.0333,90.2333,-6.23,94,100,1.99
381,3580477,West Bay,KY,19.3667,-81.4167,77.02,59,20,11.5
382,2121373,Seymchan,RU,62.8833,152.4333,-24.63,97,100,3.96
383,3372783,Ponta Delgada,PT,37.7333,-25.6667,56.12,71,40,16.11
384,1785036,Zhangye,CN,38.9342,100.4517,7.21,75,90,5.08
385,3445133,Viçosa,BR,-20.7539,-42.8819,76.51,80,79,5.7
386,5972762,Hay River,CA,60.8156,-115.7999,10.38,85,75,6.91
387,1606139,Song Phi Nong,TH,14.2241,100.0209,71.8,68,5,2.1
388,5554072,Juneau,US,58.3019,-134.4197,35.28,97,100,11.5
389,2122605,Okhotsk,RU,59.3833,143.3,-16.11,94,100,8.7
390,2156643,Mount Gambier,AU,-37.8333,140.7667,64.0,41,82,6.2
391,3471522,Arinos,BR,-15.9169,-46.1056,80.28,66,100,8.01
392,2023469,Irkutsk,RU,52.2978,104.2964,0.37,85,0,4.47
393,2210554,Sirte,LY,31.2089,16.5887,61.09,43,2,11.61
394,3879627,Molina,CL,-35.1167,-71.2833,86.38,28,0,5.75
395,2171099,Codrington,AU,-38.2667,141.9667,65.17,43,11,8.32
396,3453060,Pontes e Lacerda,BR,-15.2261,-59.3353,77.41,91,100,3.47
397,6319315,Fonte Boa,BR,-2.4959,-66.2662,82.6,73,80,2.1
398,5919850,Chapais,CA,49.7834,-74.8492,22.78,82,52,5.68
399,4160021,Jacksonville,US,30.3322,-81.6556,64.67,36,0,8.05
400,2428228,Massakory,TD,12.996,15.7293,74.44,15,19,12.19
401,10722858,Forsytheganj,BY,52.6333,29.7333,33.03,98,100,10.4
402,5861897,Fairbanks,US,64.8378,-147.7164,3.74,79,100,0.0
403,6086673,Neepawa,CA,50.2289,-99.4664,16.2,93,100,8.25
404,3381538,Grand-Santi,GF,4.25,-54.3833,77.88,94,17,3.18
405,1799491,Neijiang,CN,29.5835,105.0622,34.36,86,72,3.65
406,3451399,Ribas do Rio Pardo,BR,-20.4431,-53.7592,86.34,57,100,3.65
407,2212775,Sabha,LY,27.0377,14.4283,54.34,37,0,4.83
408,2015701,Taksimo,RU,56.3444,114.8794,-17.5,93,100,2.91
409,2422465,Conakry,GN,9.538,-13.6773,79.16,76,11,11.52
410,2629833,Husavik,IS,66.0449,-17.3389,27.93,96,100,17.63
411,1861406,Ishige,JP,36.1167,139.9667,37.74,58,0,2.66
412,153955,Micheweni,TZ,-4.9667,39.8333,81.03,76,3,14.63
413,2448083,Agadez,NE,19.75,10.25,59.76,26,0,7.16
414,1835848,Seoul,KR,37.5683,126.9778,16.99,29,100,4.68
415,3520994,Puerto Escondido,MX,15.85,-97.0667,85.03,65,20,11.5
416,699413,Novomykolayivka,UA,47.9781,35.9102,31.15,86,99,10.89
417,1568574,Qui Nhon,VN,13.7667,109.2333,70.5,90,76,13.69
418,2021031,Kyren,RU,51.6828,102.1408,-5.15,81,62,3.51
419,780687,Berlevåg,NO,70.8578,29.0864,31.95,80,100,21.85
420,3671450,Inírida,CO,3.8653,-67.9239,85.46,61,100,2.04
421,2450173,Taoudenni,ML,22.6783,-3.9836,69.78,19,0,11.1
422,3383427,Nieuw Nickerie,SR,5.95,-56.9833,77.38,85,3,10.83
423,1047660,Cuamba,MZ,-14.8031,36.5372,69.75,94,100,1.61
424,6050066,La Ronge,CA,55.1001,-105.2842,17.85,86,100,5.75
425,227592,Katete,UG,-0.7818,29.7544,64.4,62,59,3.96
426,119374,Qeshm,IR,26.9581,56.2719,57.07,43,4,3.4
427,2259655,Impfondo,CG,1.6381,18.0667,75.27,65,93,3.33
428,4726521,San Patricio,US,28.017,-97.5169,80.33,47,27,6.51
429,6942803,Caraquet,CA,47.7941,-64.9386,30.74,93,100,24.58
430,3377301,Mabaruma,GY,8.2,-59.7833,79.41,74,66,6.73
431,2654728,Bridlington,GB,54.0831,-0.1919,26.38,71,2,13.15
432,2037335,Fuyu,CN,45.1833,124.8167,4.57,55,15,6.91
433,535839,Leshukonskoye,RU,64.8989,45.7622,20.44,89,100,12.91
434,3869716,Tocopilla,CL,-22.092,-70.1979,72.16,66,13,6.2
435,1168700,Ormara,PK,25.2088,64.6357,66.96,39,1,3.78
436,1267390,Kavaratti,IN,10.5669,72.642,79.32,71,66,5.55
437,1712961,Gigmoto,PH,13.7796,124.39,77.31,92,100,10.09
438,1214488,Meulaboh,ID,4.1363,96.1285,75.6,88,100,3.71
439,6094665,Osoyoos,CA,49.0331,-119.4524,39.61,93,100,1.14
440,2179103,Whitianga,NZ,-36.8333,175.7,65.01,75,56,8.03
441,5954718,Flin Flon,CA,54.7682,-101.865,13.84,85,100,2.3
442,6111696,Port-Cartier,CA,50.0334,-66.8654,20.89,77,100,6.08
443,731626,Etropole,BG,42.8333,24.0,36.32,88,68,5.95
444,1791673,Weihai,CN,37.5017,122.1136,28.11,50,100,7.87
445,3573374,The Valley,AI,18.217,-63.0578,75.25,88,40,11.5
446,2647984,Great Yarmouth,GB,52.6083,1.7305,32.32,67,85,20.11
447,1805270,Jishou,CN,28.3167,109.7167,32.74,62,73,0.34
448,6111862,Port Hardy,CA,50.6996,-127.4199,44.06,95,100,1.86
449,2173911,Broken Hill,AU,-31.95,141.4333,78.31,45,6,8.81
450,1651531,Ambon City,ID,-3.6954,128.1814,80.94,78,100,2.51
451,1024696,Dondo,MZ,-19.6094,34.7431,78.31,85,100,4.76
452,306041,Kozluk,TR,38.1938,41.4885,41.25,63,99,4.43
453,3691175,Trujillo,PE,-8.116,-79.03,71.56,78,75,8.05
454,4033375,Tevaitoa,PF,-16.7833,-151.5,79.5,63,82,13.51
455,1636806,Majene,ID,-3.5403,118.9707,77.05,87,100,3.27
456,1078553,Ampanihy,MG,-24.7,44.75,77.52,74,2,7.29
457,1235846,Matara,LK,5.9485,80.5353,74.07,91,100,3.58
458,3430545,Morón,AR,-34.6534,-58.6198,94.66,29,4,12.17
459,575521,Bogorodskoye,RU,56.55,37.8833,22.53,91,100,13.09
460,4470244,Havelock,US,34.8791,-76.9013,55.13,29,0,12.66
461,3393692,Itarema,BR,-2.9248,-39.9167,80.22,71,98,11.03
462,4036284,Alofi,NU,-19.0595,-169.9187,82.29,74,75,8.05
463,2119283,Zyryanka,RU,65.75,150.85,-39.6,100,100,1.45
464,515805,Oktyabr'skoye,RU,43.0645,44.7417,17.74,100,9,4.47
465,5134295,Rome,US,43.2128,-75.4557,33.93,58,0,12.66
466,1809498,Guilin,CN,25.2819,110.2864,37.51,48,100,7.05
467,57000,Hobyo,SO,5.3505,48.5268,76.68,74,0,16.6
468,491281,Sokol,RU,59.4617,40.1206,22.46,92,100,13.27
469,3838859,Río Gallegos,AR,-51.6226,-69.2181,68.05,17,0,25.32
470,6137462,Saint-Augustin,CA,51.226,-58.6502,27.46,94,100,23.69
471,3927942,Tambopata,PE,-12.7333,-69.1833,79.72,90,72,3.51
472,1529376,Korla,CN,41.7597,86.1469,4.1,95,84,2.42
473,4100525,Batesville,US,35.7698,-91.641,62.42,77,100,11.5
474,1714733,Dingle,PH,10.9995,122.6711,74.14,95,99,6.13
475,3440781,Rivera,UY,-30.9053,-55.5508,97.95,13,0,8.21
476,554535,Kaduy,RU,59.2,37.15,27.19,94,100,10.36
477,3576994,Cockburn Town,TC,21.4612,-71.1419,74.07,51,7,4.47
478,1529660,Aksu,CN,41.1231,80.2644,-0.9,93,7,5.19
479,1640576,Kefamenanu,ID,-9.4467,124.4781,70.79,90,89,1.63
480,2135517,Norsup,VU,-16.0667,167.3833,80.38,80,93,2.39
481,532138,Makar'yev,RU,57.8797,43.8069,19.62,93,100,11.27
482,3984997,San Quintín,MX,30.4833,-115.95,61.02,88,100,9.24
483,1496476,Nyagan,RU,62.1406,65.3936,19.62,90,100,8.66
484,3500957,La Romana,DO,18.4273,-68.9728,80.96,57,20,9.22
485,2194098,Ahipara,NZ,-35.1667,173.1667,64.29,76,3,6.55
486,3430443,Necochea,AR,-38.5473,-58.7368,73.94,43,0,17.22
487,4513583,Hamilton,US,39.1834,-84.5333,44.64,61,100,10.36
488,2177091,Ballarat,AU,-37.5662,143.8496,68.58,76,20,4.0
489,2441194,Mayahi,NE,13.9553,7.6712,67.08,19,14,11.97
490,3139765,Setermoen,NO,68.861,18.3486,22.1,90,100,5.35
491,1272140,Dwārka,IN,22.2394,68.9678,65.66,41,3,11.07
492,1732711,Pontian Kecil,MY,1.4801,103.3899,77.0,89,59,7.16
493,1510689,Baykit,RU,61.67,96.37,-21.17,97,100,5.35
494,1282898,Pokhara,NP,28.2333,83.9833,47.84,54,1,4.05
495,2189016,Katikati,NZ,-37.55,175.9167,68.0,84,45,1.28
496,1696188,Palauig,PH,15.435,119.9045,77.58,75,99,2.71
497,146400,Dromolaxia,CY,34.8761,33.586,53.44,91,40,5.75
498,2647311,Haverfordwest,GB,51.8017,-4.9691,38.55,64,100,3.8
499,2082539,Merauke,ID,-8.4667,140.3333,76.57,86,94,5.32
500,2092164,Lorengau,PG,-2.0226,147.2712,80.8,77,100,5.26
501,3123493,Ferrol,ES,43.4832,-8.2369,54.32,96,100,35.7
502,1487860,Vagay,RU,57.9375,69.0217,14.32,95,98,6.69
503,2025630,Chara,RU,56.9064,118.2631,-24.84,98,100,1.28
504,3467371,Capâo Bonito,BR,-24.0058,-48.3494,74.84,88,100,5.44
505,1629380,Ruteng,ID,-8.6136,120.4721,62.98,88,98,1.23
506,902620,Mwinilunga,ZM,-11.7358,24.4293,62.55,97,100,3.74
507,157429,Kilindoni,TZ,-7.9139,39.6668,80.83,80,9,11.9
508,3382160,Cayenne,GF,4.9333,-52.3333,75.24,94,20,3.44
509,3661980,Tarauacá,BR,-8.1614,-70.7656,78.04,83,99,3.29
510,2294915,Takoradze,GH,4.8845,-1.7554,80.65,80,7,6.78
511,6096551,Pangnirtung,CA,66.1451,-65.7125,-31.0,68,20,6.91
512,2270385,Camacha,PT,33.0833,-16.3333,58.42,67,75,11.5
513,204953,Tshikapa,CD,-6.4167,20.8,69.94,97,100,3.56
514,3412093,Vestmannaeyjar,IS,63.4427,-20.2734,26.51,64,4,11.05
515,3937733,Jauja,PE,-11.7758,-75.4966,60.19,54,92,7.56
516,5727190,Forest Grove,US,45.5198,-123.1107,46.27,80,75,1.99
517,1861416,Ishigaki,JP,24.3448,124.1572,60.93,82,100,11.5
518,2122104,Petropavlovsk-Kamchatskiy,RU,53.0452,158.6483,-5.21,54,0,6.71
519,1853174,Sakaiminato,JP,35.55,133.2333,37.38,93,75,4.61
520,1737486,Bintulu,MY,3.1667,113.0333,73.81,100,20,2.3
521,1493523,Rostovka,RU,55.3842,71.8891,9.59,95,31,9.64
522,1626542,Sorong,ID,-0.8833,131.25,79.86,83,100,8.39
523,2409215,Mattru,SL,7.6244,-11.8332,77.22,70,9,6.02
524,2063056,Port Augusta,AU,-32.5,137.7667,84.74,34,6,9.91
525,184433,Nanyuki,KE,0.0167,37.0728,53.51,70,8,4.81
526,1847947,Shingū,JP,33.7333,135.9833,36.88,77,3,5.91
527,6156245,Stephenville Crossing,CA,48.5,-58.4318,37.53,87,100,28.77
528,2206894,Hokitika,NZ,-42.7167,170.9667,64.29,75,21,1.54
529,3158300,Elverum,NO,60.8819,11.5623,10.58,98,100,2.89
530,2095925,Ialibu,PG,-6.2821,143.9935,55.89,91,100,2.48
531,2191562,Dunedin,NZ,-45.8742,170.5036,63.81,64,24,5.01
532,3147441,Lindås,NO,60.7381,5.16,33.22,79,100,9.51
533,6053446,Lewisporte,CA,49.2499,-55.0482,33.55,97,100,11.34
534,1688696,San Policarpo,PH,12.1791,125.5072,78.76,87,96,1.63
535,5396987,Solano,US,38.2333,-121.9511,54.34,69,0,16.11
536,3463011,Franca,BR,-20.5386,-47.4008,71.87,88,100,3.11
537,5853992,Wahiawā,US,21.5028,-158.0236,73.71,73,100,3.44
538,2019935,Mnogovershinnyy,RU,53.9353,139.9242,-34.62,93,12,3.83
539,2400547,Gamba,GA,-2.65,10.0,78.17,78,100,3.65
540,2013279,Vostok,RU,46.4856,135.8833,-21.59,98,59,4.94
541,1712035,Hacienda,PH,15.936,120.1786,75.34,75,99,6.82
542,6111632,Port Alberni,CA,49.2413,-124.8028,44.28,95,100,1.01
543,2110735,Tōno,JP,39.3167,141.5333,24.06,73,14,8.23
544,1152202,Mae Ramat,TH,16.984,98.5166,64.8,71,40,1.45
545,4726206,San Antonio,US,29.4241,-98.4936,75.06,58,20,3.44
546,3517970,Pochutla,MX,15.7432,-96.4661,84.81,51,15,11.1
547,2125693,Evensk,RU,61.95,159.2333,-2.94,82,100,5.1
548,5965462,Gravelbourg,CA,49.8834,-106.5512,17.87,90,100,6.29
549,5364271,Laguna,US,38.421,-121.4238,52.97,72,0,11.5
550,6089245,Norman Wells,CA,65.282,-126.8329,-13.97,97,98,1.45
551,462522,Zimovniki,RU,47.1483,42.4633,32.31,88,12,10.31
552,1252795,Yanam,IN,16.7333,82.2167,65.26,92,0,1.23
553,618426,Chișinău,MD,47.0056,28.8575,44.92,95,100,18.41
554,2643123,Manchester,GB,53.4809,-2.2374,29.32,79,7,2.3
